"","temp_student_id","number_accesses"
"1",1,2
"2",2,10
"3",3,46
"4",4,4
"5",5,3
"6",6,28
"7",7,93
"8",8,63
"9",9,11
"10",10,63
"11",11,67
"12",12,17
"13",13,3
"14",14,151
"15",15,12
"16",16,47
"17",17,186
"18",18,49
"19",19,10
"20",20,8
"21",21,16
"22",22,9
"23",23,60
"24",24,60
"25",25,59
"26",26,6
"27",27,217
"28",28,66
"29",29,87
"30",30,9
"31",31,12
"32",32,246
"33",33,225
"34",34,13
"35",35,5
"36",36,46
"37",37,29
"38",38,3
"39",39,17
"40",40,13
"41",41,67
"42",42,15
"43",43,58
"44",44,3
"45",45,66
"46",46,3
"47",47,61
"48",48,3
"49",49,4
"50",50,61
"51",51,3
"52",52,8
"53",53,266
"54",54,203
"55",55,3
"56",56,226
"57",57,30
"58",58,65
"59",59,10
"60",60,11
"61",61,199
"62",62,11
"63",63,17
"64",64,52
"65",65,63
"66",66,49
"67",67,94
"68",68,58
"69",69,3
"70",70,12
"71",71,89
"72",72,3
"73",73,9
"74",74,12
"75",75,10
"76",76,3
"77",77,216
"78",78,9
"79",79,11
"80",80,3
"81",81,65
"82",82,14
"83",83,4
"84",84,154
"85",85,96
"86",86,10
"87",87,126
"88",88,104
"89",89,167
"90",90,269
"91",91,12
"92",92,4
"93",93,2
"94",94,65
"95",95,115
"96",96,64
"97",97,45
"98",98,115
"99",99,37
"100",100,223
"101",101,87
"102",102,5
"103",103,151
"104",104,13
"105",105,4
"106",106,24
"107",107,65
"108",108,9
"109",109,58
"110",110,94
"111",111,3
"112",112,48
"113",113,4
"114",114,3
"115",115,26
"116",116,4
"117",117,10
"118",118,10
"119",119,45
"120",120,3
"121",121,12
"122",122,3
"123",123,138
"124",124,7
"125",125,271
"126",126,5
"127",127,34
"128",128,8
"129",129,3
"130",130,3
"131",131,10
"132",132,61
"133",133,3
"134",134,9
"135",135,4
"136",136,27
"137",137,26
"138",138,3
"139",139,11
"140",140,3
"141",141,100
"142",142,11
"143",143,10
"144",144,98
"145",145,12
"146",146,148
"147",147,2
"148",148,3
"149",149,5
"150",150,3
"151",151,12
"152",152,9
"153",153,265
"154",154,197
"155",155,4
"156",156,37
"157",157,28
"158",158,31
"159",159,246
"160",160,63
"161",161,66
"162",162,15
"163",163,9
"164",164,3
"165",165,8
"166",166,36
"167",167,31
"168",168,11
"169",169,12
"170",170,34
"171",171,160
"172",172,63
"173",173,3
"174",174,17
"175",175,93
"176",176,6
"177",177,239
"178",178,9
"179",179,32
"180",180,24
"181",181,3
"182",182,127
"183",183,100
"184",184,101
"185",185,14
"186",186,3
"187",187,16
"188",188,263
"189",189,79
"190",190,241
"191",191,215
"192",192,222
"193",193,41
"194",194,269
"195",195,5
"196",196,8
"197",197,166
"198",198,4
"199",199,10
"200",200,159
"201",201,34
"202",202,12
"203",203,200
"204",204,3
"205",205,11
"206",206,95
"207",207,6
"208",208,8
"209",209,15
"210",210,209
"211",211,109
"212",212,4
"213",213,49
"214",214,3
"215",215,47
"216",216,10
"217",217,3
"218",218,4
"219",219,3
"220",220,15
"221",221,191
"222",222,6
"223",223,129
"224",224,87
"225",225,27
"226",226,31
"227",227,198
"228",228,101
"229",229,3
"230",230,199
"231",231,9
"232",232,4
"233",233,3
"234",234,10
"235",235,27
"236",236,15
"237",237,256
"238",238,197
"239",239,26
"240",240,95
"241",241,148
"242",242,4
"243",243,268
"244",244,81
"245",245,3
"246",246,107
"247",247,4
"248",248,9
"249",249,127
"250",250,4
"251",251,66
"252",252,4
"253",253,4
"254",254,34
"255",255,4
"256",256,26
"257",257,239
"258",258,6
"259",259,39
"260",260,25
"261",261,29
"262",262,32
"263",263,3
"264",264,2
"265",265,57
"266",266,109
"267",267,58
"268",268,11
"269",269,10
"270",270,3
"271",271,68
"272",272,93
"273",273,4
"274",274,57
"275",275,17
"276",276,4
"277",277,9
"278",278,227
"279",279,62
"280",280,38
"281",281,119
"282",282,12
"283",283,52
"284",284,2
"285",285,231
"286",286,30
"287",287,60
"288",288,3
"289",289,3
"290",290,12
"291",291,97
"292",292,205
"293",293,91
"294",294,68
"295",295,5
"296",296,199
"297",297,63
"298",298,103
"299",299,9
"300",300,3
"301",301,8
"302",302,8
"303",303,100
"304",304,5
"305",305,10
"306",306,4
"307",307,5
"308",308,100
"309",309,4
"310",310,4
"311",311,65
"312",312,5
"313",313,10
"314",314,144
"315",315,61
"316",316,255
"317",317,30
"318",318,5
"319",319,107
"320",320,153
"321",321,18
"322",322,9
"323",323,10
"324",324,5
"325",325,3
"326",326,3
"327",327,3
"328",328,47
"329",329,8
"330",330,10
"331",331,39
"332",332,154
"333",333,46
"334",334,117
"335",335,4
"336",336,94
"337",337,115
"338",338,90
"339",339,31
"340",340,9
"341",341,221
"342",342,220
"343",343,134
"344",344,15
"345",345,194
"346",346,12
"347",347,76
"348",348,144
"349",349,20
"350",350,3
"351",351,39
"352",352,56
"353",353,66
"354",354,174
"355",355,3
"356",356,4
"357",357,3
"358",358,213
"359",359,62
"360",360,58
"361",361,8
"362",362,62
"363",363,38
"364",364,60
"365",365,9
"366",366,125
"367",367,9
"368",368,61
"369",369,236
"370",370,196
"371",371,194
"372",372,177
"373",373,115
"374",374,98
"375",375,60
"376",376,9
"377",377,61
"378",378,19
"379",379,84
"380",380,9
"381",381,9
"382",382,63
"383",383,13
"384",384,11
"385",385,4
"386",386,212
"387",387,205
"388",388,11
"389",389,237
"390",390,9
"391",391,11
"392",392,101
"393",393,122
"394",394,41
"395",395,3
"396",396,9
"397",397,89
"398",398,194
"399",399,63
"400",400,3
"401",401,150
"402",402,4
"403",403,60
"404",404,8
"405",405,3
"406",406,226
"407",407,31
"408",408,120
"409",409,57
"410",410,246
"411",411,138
"412",412,10
"413",413,30
"414",414,196
"415",415,175
"416",416,6
"417",417,200
"418",418,8
"419",419,9
"420",420,145
"421",421,8
"422",422,4
"423",423,90
"424",424,115
"425",425,268
"426",426,72
"427",427,10
"428",428,63
"429",429,196
"430",430,60
"431",431,26
"432",432,261
"433",433,10
"434",434,4
"435",435,4
"436",436,198
"437",437,60
"438",438,204
"439",439,237
"440",440,92
"441",441,4
"442",442,87
"443",443,4
"444",444,62
"445",445,51
"446",446,200
"447",447,3
"448",448,14
"449",449,166
"450",450,3
"451",451,4
"452",452,245
"453",453,125
"454",454,23
"455",455,4
"456",456,15
"457",457,238
"458",458,10
"459",459,11
"460",460,6
"461",461,96
"462",462,4
"463",463,3
"464",464,59
"465",465,10
"466",466,67
"467",467,16
"468",468,62
"469",469,242
"470",470,10
"471",471,95
"472",472,27
"473",473,3
"474",474,3
"475",475,9
"476",476,17
"477",477,80
"478",478,3
"479",479,263
"480",480,3
"481",481,97
"482",482,13
"483",483,3
"484",484,4
"485",485,63
"486",486,3
"487",487,4
"488",488,9
"489",489,90
"490",490,237
"491",491,10
"492",492,3
"493",493,9
"494",494,231
"495",495,267
"496",496,66
"497",497,111
"498",498,43
"499",499,12
"500",500,106
"501",501,91
"502",502,153
"503",503,3
"504",504,118
"505",505,95
"506",506,2
"507",507,88
"508",508,36
"509",509,95
"510",510,202
"511",511,146
"512",512,125
"513",513,228
"514",514,30
"515",515,88
"516",516,4
"517",517,8
"518",518,3
"519",519,233
"520",520,3
"521",521,246
"522",522,117
"523",523,157
"524",524,26
"525",525,84
"526",526,214
"527",527,3
"528",528,58
"529",529,14
"530",530,2
"531",531,157
"532",532,26
"533",533,58
"534",534,3
"535",535,235
"536",536,231
"537",537,123
"538",538,17
"539",539,62
"540",540,5
"541",541,3
"542",542,171
"543",543,9
"544",544,75
"545",545,15
"546",546,41
"547",547,3
"548",548,111
"549",549,218
"550",550,8
"551",551,118
"552",552,8
"553",553,216
"554",554,206
"555",555,9
"556",556,5
"557",557,9
"558",558,10
"559",559,3
"560",560,3
"561",561,3
"562",562,51
"563",563,3
"564",564,4
"565",565,31
"566",566,11
"567",567,30
"568",568,4
"569",569,244
"570",570,9
"571",571,209
"572",572,75
"573",573,122
"574",574,9
"575",575,5
"576",576,18
"577",577,3
"578",578,125
"579",579,59
"580",580,34
"581",581,9
"582",582,104
"583",583,194
"584",584,10
"585",585,4
"586",586,59
"587",587,4
"588",588,9
"589",589,3
"590",590,15
"591",591,8
"592",592,240
"593",593,4
"594",594,267
"595",595,62
"596",596,11
"597",597,95
"598",598,13
"599",599,3
"600",600,109
"601",601,5
"602",602,35
"603",603,60
"604",604,55
"605",605,122
"606",606,126
"607",607,57
"608",608,33
"609",609,4
"610",610,12
"611",611,3
"612",612,66
"613",613,8
"614",614,35
"615",615,3
"616",616,9
"617",617,75
"618",618,4
"619",619,164
"620",620,25
"621",621,5
"622",622,6
"623",623,18
"624",624,26
"625",625,18
"626",626,3
"627",627,65
"628",628,12
"629",629,94
"630",630,121
"631",631,58
"632",632,59
"633",633,61
"634",634,87
"635",635,122
"636",636,6
"637",637,63
"638",638,11
"639",639,12
"640",640,3
"641",641,133
"642",642,4
"643",643,3
"644",644,25
"645",645,4
"646",646,22
"647",647,86
"648",648,63
"649",649,9
"650",650,12
"651",651,4
"652",652,255
"653",653,63
"654",654,4
"655",655,11
"656",656,12
"657",657,65
"658",658,3
"659",659,3
"660",660,45
"661",661,123
"662",662,64
"663",663,9
"664",664,4
"665",665,179
"666",666,199
"667",667,3
"668",668,45
"669",669,45
"670",670,37
"671",671,133
"672",672,126
"673",673,4
"674",674,45
"675",675,3
"676",676,94
"677",677,191
"678",678,4
"679",679,3
"680",680,3
"681",681,13
"682",682,152
"683",683,106
"684",684,197
"685",685,3
"686",686,124
"687",687,3
"688",688,5
"689",689,4
"690",690,94
"691",691,93
"692",692,202
"693",693,5
"694",694,4
"695",695,11
"696",696,166
"697",697,41
"698",698,11
"699",699,197
"700",700,242
"701",701,93
"702",702,232
"703",703,191
"704",704,8
"705",705,66
"706",706,4
"707",707,199
"708",708,194
"709",709,117
"710",710,57
"711",711,9
"712",712,58
"713",713,23
"714",714,14
"715",715,95
"716",716,68
"717",717,92
"718",718,96
"719",719,4
"720",720,3
"721",721,4
"722",722,130
"723",723,3
"724",724,8
"725",725,34
"726",726,4
"727",727,3
"728",728,65
"729",729,43
"730",730,9
"731",731,245
"732",732,67
"733",733,9
"734",734,166
"735",735,26
"736",736,92
"737",737,27
"738",738,4
"739",739,63
"740",740,4
"741",741,193
"742",742,176
"743",743,3
"744",744,6
"745",745,164
"746",746,5
"747",747,152
"748",748,4
"749",749,224
"750",750,50
"751",751,9
"752",752,9
"753",753,89
"754",754,59
"755",755,9
"756",756,68
"757",757,2
"758",758,2
"759",759,37
"760",760,3
"761",761,11
"762",762,19
"763",763,71
"764",764,10
"765",765,57
"766",766,9
"767",767,9
"768",768,250
"769",769,12
"770",770,63
"771",771,3
"772",772,45
"773",773,92
"774",774,194
"775",775,192
"776",776,15
"777",777,47
"778",778,60
"779",779,30
"780",780,243
"781",781,9
"782",782,67
"783",783,198
"784",784,3
"785",785,101
"786",786,15
"787",787,45
"788",788,56
"789",789,10
"790",790,236
"791",791,66
"792",792,3
"793",793,223
"794",794,93
"795",795,4
"796",796,69
"797",797,8
"798",798,3
"799",799,72
"800",800,17
"801",801,5
"802",802,144
"803",803,262
"804",804,78
"805",805,8
"806",806,4
"807",807,2
"808",808,5
"809",809,12
"810",810,135
"811",811,8
"812",812,66
"813",813,139
"814",814,109
"815",815,10
"816",816,10
"817",817,9
"818",818,3
"819",819,9
"820",820,98
"821",821,35
"822",822,15
"823",823,194
"824",824,26
"825",825,3
"826",826,203
"827",827,15
"828",828,128
"829",829,4
"830",830,119
"831",831,10
"832",832,26
"833",833,3
"834",834,10
"835",835,117
"836",836,3
"837",837,11
"838",838,16
"839",839,12
"840",840,27
"841",841,232
"842",842,4
"843",843,45
"844",844,5
"845",845,3
"846",846,4
"847",847,37
"848",848,14
"849",849,58
"850",850,65
"851",851,8
"852",852,25
"853",853,12
"854",854,147
"855",855,191
"856",856,62
"857",857,92
"858",858,69
"859",859,3
"860",860,249
"861",861,131
"862",862,203
"863",863,58
"864",864,12
"865",865,3
"866",866,122
"867",867,8
"868",868,137
"869",869,14
"870",870,116
"871",871,3
"872",872,21
"873",873,271
"874",874,58
"875",875,4
"876",876,25
"877",877,4
"878",878,164
"879",879,97
"880",880,4
"881",881,4
"882",882,9
"883",883,5
"884",884,32
"885",885,199
"886",886,62
"887",887,191
"888",888,17
"889",889,3
"890",890,3
"891",891,4
"892",892,14
"893",893,8
"894",894,3
"895",895,10
"896",896,91
"897",897,32
"898",898,3
"899",899,3
"900",900,236
"901",901,34
"902",902,22
"903",903,14
"904",904,11
"905",905,62
"906",906,10
"907",907,11
"908",908,204
"909",909,3
"910",910,194
"911",911,8
"912",912,202
"913",913,195
"914",914,4
"915",915,15
"916",916,3
"917",917,11
"918",918,5
"919",919,254
"920",920,3
"921",921,8
"922",922,65
"923",923,10
"924",924,10
"925",925,6
"926",926,8
"927",927,11
"928",928,27
"929",929,34
"930",930,9
"931",931,67
"932",932,9
"933",933,84
"934",934,4
"935",935,3
"936",936,8
"937",937,41
"938",938,3
"939",939,6
"940",940,26
"941",941,15
"942",942,64
"943",943,95
"944",944,95
"945",945,96
"946",946,4
"947",947,34
"948",948,71
"949",949,31
"950",950,9
"951",951,13
"952",952,11
"953",953,16
"954",954,249
"955",955,118
"956",956,98
"957",957,252
"958",958,192
"959",959,10
"960",960,10
"961",961,3
"962",962,105
"963",963,4
"964",964,9
"965",965,159
"966",966,63
"967",967,46
"968",968,164
"969",969,28
"970",970,11
"971",971,18
"972",972,211
"973",973,67
"974",974,63
"975",975,6
"976",976,11
"977",977,70
"978",978,63
"979",979,57
"980",980,4
"981",981,116
"982",982,4
"983",983,61
"984",984,9
"985",985,11
"986",986,120
"987",987,3
"988",988,12
"989",989,3
"990",990,57
"991",991,27
"992",992,191
"993",993,3
"994",994,3
"995",995,4
"996",996,23
"997",997,8
"998",998,95
"999",999,21
"1000",1000,3
"1001",1001,129
"1002",1002,8
"1003",1003,10
"1004",1004,62
"1005",1005,24
"1006",1006,10
"1007",1007,3
"1008",1008,4
"1009",1009,205
"1010",1010,3
"1011",1011,57
"1012",1012,195
"1013",1013,14
"1014",1014,39
"1015",1015,41
"1016",1016,202
"1017",1017,124
"1018",1018,51
"1019",1019,204
"1020",1020,4
"1021",1021,9
"1022",1022,248
"1023",1023,133
"1024",1024,3
"1025",1025,26
"1026",1026,10
"1027",1027,210
"1028",1028,14
"1029",1029,3
"1030",1030,3
"1031",1031,8
"1032",1032,42
"1033",1033,11
"1034",1034,10
"1035",1035,9
"1036",1036,10
"1037",1037,42
"1038",1038,10
"1039",1039,87
"1040",1040,77
"1041",1041,11
"1042",1042,181
"1043",1043,4
"1044",1044,154
"1045",1045,86
"1046",1046,32
"1047",1047,69
"1048",1048,3
"1049",1049,90
"1050",1050,3
"1051",1051,63
"1052",1052,3
"1053",1053,240
"1054",1054,13
"1055",1055,46
"1056",1056,3
"1057",1057,16
"1058",1058,20
"1059",1059,11
"1060",1060,60
"1061",1061,9
"1062",1062,11
"1063",1063,62
"1064",1064,3
"1065",1065,35
"1066",1066,3
"1067",1067,147
"1068",1068,238
"1069",1069,16
"1070",1070,95
"1071",1071,3
"1072",1072,3
"1073",1073,21
"1074",1074,16
"1075",1075,242
"1076",1076,228
"1077",1077,3
"1078",1078,53
"1079",1079,208
"1080",1080,151
"1081",1081,4
"1082",1082,168
"1083",1083,194
"1084",1084,19
"1085",1085,16
"1086",1086,56
"1087",1087,262
"1088",1088,241
"1089",1089,18
"1090",1090,16
"1091",1091,12
"1092",1092,3
"1093",1093,9
"1094",1094,8
"1095",1095,17
"1096",1096,12
"1097",1097,3
"1098",1098,181
"1099",1099,42
"1100",1100,99
"1101",1101,53
"1102",1102,9
"1103",1103,122
"1104",1104,11
"1105",1105,113
"1106",1106,3
"1107",1107,3
"1108",1108,13
"1109",1109,179
"1110",1110,115
"1111",1111,202
"1112",1112,152
"1113",1113,17
"1114",1114,3
"1115",1115,36
"1116",1116,3
"1117",1117,9
"1118",1118,3
"1119",1119,5
"1120",1120,44
"1121",1121,15
"1122",1122,174
"1123",1123,8
"1124",1124,10
"1125",1125,53
"1126",1126,27
"1127",1127,28
"1128",1128,54
"1129",1129,9
"1130",1130,30
"1131",1131,3
"1132",1132,207
"1133",1133,20
"1134",1134,8
"1135",1135,4
"1136",1136,115
"1137",1137,243
"1138",1138,26
"1139",1139,10
"1140",1140,66
"1141",1141,38
"1142",1142,194
"1143",1143,10
"1144",1144,89
"1145",1145,62
"1146",1146,9
"1147",1147,187
"1148",1148,4
"1149",1149,15
"1150",1150,10
"1151",1151,9
"1152",1152,37
"1153",1153,125
"1154",1154,13
"1155",1155,23
"1156",1156,10
"1157",1157,12
"1158",1158,4
"1159",1159,10
"1160",1160,69
"1161",1161,58
"1162",1162,58
"1163",1163,10
"1164",1164,177
"1165",1165,34
"1166",1166,6
"1167",1167,4
"1168",1168,3
"1169",1169,6
"1170",1170,55
"1171",1171,4
"1172",1172,9
"1173",1173,78
"1174",1174,153
"1175",1175,201
"1176",1176,3
"1177",1177,223
"1178",1178,14
"1179",1179,4
"1180",1180,4
"1181",1181,71
"1182",1182,203
"1183",1183,11
"1184",1184,3
"1185",1185,63
"1186",1186,181
"1187",1187,4
"1188",1188,263
"1189",1189,94
"1190",1190,19
"1191",1191,3
"1192",1192,229
"1193",1193,3
"1194",1194,11
"1195",1195,60
"1196",1196,4
"1197",1197,4
"1198",1198,4
"1199",1199,178
"1200",1200,31
"1201",1201,7
"1202",1202,4
"1203",1203,4
"1204",1204,198
"1205",1205,46
"1206",1206,3
"1207",1207,10
"1208",1208,4
"1209",1209,9
"1210",1210,3
"1211",1211,129
"1212",1212,219
"1213",1213,118
"1214",1214,4
"1215",1215,29
"1216",1216,9
"1217",1217,209
"1218",1218,10
"1219",1219,206
"1220",1220,16
"1221",1221,105
"1222",1222,10
"1223",1223,4
"1224",1224,8
"1225",1225,3
"1226",1226,9
"1227",1227,196
"1228",1228,48
"1229",1229,144
"1230",1230,64
"1231",1231,3
"1232",1232,3
"1233",1233,10
"1234",1234,27
"1235",1235,202
"1236",1236,3
"1237",1237,240
"1238",1238,62
"1239",1239,3
"1240",1240,3
"1241",1241,242
"1242",1242,99
"1243",1243,92
"1244",1244,237
"1245",1245,3
"1246",1246,31
"1247",1247,3
"1248",1248,4
"1249",1249,54
"1250",1250,155
"1251",1251,45
"1252",1252,33
"1253",1253,94
"1254",1254,3
"1255",1255,58
"1256",1256,28
"1257",1257,191
"1258",1258,4
"1259",1259,15
"1260",1260,3
"1261",1261,3
"1262",1262,3
"1263",1263,4
"1264",1264,4
"1265",1265,8
"1266",1266,154
"1267",1267,9
"1268",1268,215
"1269",1269,121
"1270",1270,188
"1271",1271,11
"1272",1272,42
"1273",1273,61
"1274",1274,135
"1275",1275,4
"1276",1276,49
"1277",1277,124
"1278",1278,6
"1279",1279,11
"1280",1280,15
"1281",1281,193
"1282",1282,67
"1283",1283,101
"1284",1284,3
"1285",1285,165
"1286",1286,10
"1287",1287,80
"1288",1288,97
"1289",1289,3
"1290",1290,12
"1291",1291,4
"1292",1292,5
"1293",1293,9
"1294",1294,5
"1295",1295,237
"1296",1296,4
"1297",1297,10
"1298",1298,67
"1299",1299,104
"1300",1300,69
"1301",1301,12
"1302",1302,15
"1303",1303,191
"1304",1304,3
"1305",1305,97
"1306",1306,69
"1307",1307,4
"1308",1308,13
"1309",1309,56
"1310",1310,9
"1311",1311,3
"1312",1312,60
"1313",1313,13
"1314",1314,91
"1315",1315,3
"1316",1316,45
"1317",1317,10
"1318",1318,44
"1319",1319,73
"1320",1320,15
"1321",1321,3
"1322",1322,3
"1323",1323,75
"1324",1324,132
"1325",1325,194
"1326",1326,33
"1327",1327,4
"1328",1328,3
"1329",1329,20
"1330",1330,10
"1331",1331,229
"1332",1332,13
"1333",1333,12
"1334",1334,73
"1335",1335,237
"1336",1336,9
"1337",1337,57
"1338",1338,98
"1339",1339,102
"1340",1340,19
"1341",1341,4
"1342",1342,59
"1343",1343,4
"1344",1344,40
"1345",1345,27
"1346",1346,27
"1347",1347,3
"1348",1348,108
"1349",1349,4
"1350",1350,191
"1351",1351,3
"1352",1352,215
"1353",1353,195
"1354",1354,4
"1355",1355,3
"1356",1356,80
"1357",1357,10
"1358",1358,185
"1359",1359,3
"1360",1360,8
"1361",1361,187
"1362",1362,4
"1363",1363,10
"1364",1364,269
"1365",1365,3
"1366",1366,57
"1367",1367,169
"1368",1368,3
"1369",1369,61
"1370",1370,89
"1371",1371,12
"1372",1372,12
"1373",1373,10
"1374",1374,255
"1375",1375,4
"1376",1376,11
"1377",1377,14
"1378",1378,12
"1379",1379,94
"1380",1380,3
"1381",1381,93
"1382",1382,53
"1383",1383,251
"1384",1384,97
"1385",1385,31
"1386",1386,30
"1387",1387,13
"1388",1388,5
"1389",1389,4
"1390",1390,12
"1391",1391,3
"1392",1392,90
"1393",1393,3
"1394",1394,10
"1395",1395,140
"1396",1396,3
"1397",1397,3
"1398",1398,8
"1399",1399,23
"1400",1400,8
"1401",1401,247
"1402",1402,5
"1403",1403,3
"1404",1404,4
"1405",1405,223
"1406",1406,93
"1407",1407,3
"1408",1408,48
"1409",1409,14
"1410",1410,59
"1411",1411,61
"1412",1412,176
"1413",1413,4
"1414",1414,251
"1415",1415,67
"1416",1416,24
"1417",1417,57
"1418",1418,10
"1419",1419,8
"1420",1420,3
"1421",1421,227
"1422",1422,10
"1423",1423,11
"1424",1424,127
"1425",1425,2
"1426",1426,62
"1427",1427,261
"1428",1428,30
"1429",1429,199
"1430",1430,20
"1431",1431,34
"1432",1432,9
"1433",1433,27
"1434",1434,21
"1435",1435,191
"1436",1436,2
"1437",1437,39
"1438",1438,207
"1439",1439,49
"1440",1440,3
"1441",1441,11
"1442",1442,237
"1443",1443,219
"1444",1444,16
"1445",1445,12
"1446",1446,11
"1447",1447,4
"1448",1448,254
"1449",1449,47
"1450",1450,30
"1451",1451,22
"1452",1452,88
"1453",1453,62
"1454",1454,62
"1455",1455,96
"1456",1456,3
"1457",1457,4
"1458",1458,24
"1459",1459,10
"1460",1460,97
"1461",1461,21
"1462",1462,32
"1463",1463,13
"1464",1464,11
"1465",1465,47
"1466",1466,9
"1467",1467,186
"1468",1468,60
"1469",1469,64
"1470",1470,18
"1471",1471,14
"1472",1472,3
"1473",1473,4
"1474",1474,3
"1475",1475,4
"1476",1476,9
"1477",1477,95
"1478",1478,4
"1479",1479,119
"1480",1480,23
"1481",1481,211
"1482",1482,3
"1483",1483,38
"1484",1484,10
"1485",1485,43
"1486",1486,10
"1487",1487,30
"1488",1488,84
"1489",1489,9
"1490",1490,123
"1491",1491,70
"1492",1492,4
"1493",1493,14
"1494",1494,9
"1495",1495,10
"1496",1496,34
"1497",1497,4
"1498",1498,199
"1499",1499,87
"1500",1500,4
"1501",1501,4
"1502",1502,3
"1503",1503,60
"1504",1504,9
"1505",1505,14
"1506",1506,261
"1507",1507,4
"1508",1508,204
"1509",1509,63
"1510",1510,76
"1511",1511,4
"1512",1512,35
"1513",1513,122
"1514",1514,11
"1515",1515,9
"1516",1516,8
"1517",1517,3
"1518",1518,194
"1519",1519,92
"1520",1520,8
"1521",1521,3
"1522",1522,13
"1523",1523,3
"1524",1524,88
"1525",1525,4
"1526",1526,37
"1527",1527,3
"1528",1528,9
"1529",1529,3
"1530",1530,95
"1531",1531,20
"1532",1532,2
"1533",1533,16
"1534",1534,4
"1535",1535,2
"1536",1536,31
"1537",1537,52
"1538",1538,3
"1539",1539,242
"1540",1540,16
"1541",1541,216
"1542",1542,16
"1543",1543,24
"1544",1544,112
"1545",1545,4
"1546",1546,4
"1547",1547,11
"1548",1548,247
"1549",1549,3
"1550",1550,3
"1551",1551,194
"1552",1552,65
"1553",1553,93
"1554",1554,11
"1555",1555,12
"1556",1556,9
"1557",1557,3
"1558",1558,3
"1559",1559,48
"1560",1560,106
"1561",1561,66
"1562",1562,129
"1563",1563,238
"1564",1564,21
"1565",1565,5
"1566",1566,54
"1567",1567,6
"1568",1568,9
"1569",1569,4
"1570",1570,63
"1571",1571,3
"1572",1572,196
"1573",1573,213
"1574",1574,3
"1575",1575,11
"1576",1576,17
"1577",1577,4
"1578",1578,63
"1579",1579,103
"1580",1580,104
"1581",1581,12
"1582",1582,15
"1583",1583,120
"1584",1584,5
"1585",1585,13
"1586",1586,3
"1587",1587,187
"1588",1588,55
"1589",1589,10
"1590",1590,95
"1591",1591,191
"1592",1592,40
"1593",1593,6
"1594",1594,105
"1595",1595,8
"1596",1596,26
"1597",1597,10
"1598",1598,3
"1599",1599,67
"1600",1600,5
"1601",1601,3
"1602",1602,199
"1603",1603,74
"1604",1604,54
"1605",1605,9
"1606",1606,4
"1607",1607,3
"1608",1608,59
"1609",1609,3
"1610",1610,179
"1611",1611,194
"1612",1612,147
"1613",1613,199
"1614",1614,24
"1615",1615,67
"1616",1616,4
"1617",1617,4
"1618",1618,4
"1619",1619,27
"1620",1620,6
"1621",1621,31
"1622",1622,8
"1623",1623,5
"1624",1624,41
"1625",1625,4
"1626",1626,16
"1627",1627,37
"1628",1628,26
"1629",1629,198
"1630",1630,11
"1631",1631,5
"1632",1632,3
"1633",1633,245
"1634",1634,10
"1635",1635,12
"1636",1636,3
"1637",1637,45
"1638",1638,3
"1639",1639,6
"1640",1640,19
"1641",1641,4
"1642",1642,204
"1643",1643,199
"1644",1644,180
"1645",1645,255
"1646",1646,4
"1647",1647,9
"1648",1648,31
"1649",1649,4
"1650",1650,8
"1651",1651,152
"1652",1652,194
"1653",1653,3
"1654",1654,251
"1655",1655,213
"1656",1656,15
"1657",1657,11
"1658",1658,168
"1659",1659,3
"1660",1660,246
"1661",1661,244
"1662",1662,232
"1663",1663,26
"1664",1664,145
"1665",1665,2
"1666",1666,10
"1667",1667,16
"1668",1668,84
"1669",1669,2
"1670",1670,32
"1671",1671,4
"1672",1672,4
"1673",1673,10
"1674",1674,3
"1675",1675,16
"1676",1676,26
"1677",1677,2
"1678",1678,46
"1679",1679,54
"1680",1680,3
"1681",1681,18
"1682",1682,4
"1683",1683,143
"1684",1684,25
"1685",1685,216
"1686",1686,202
"1687",1687,53
"1688",1688,57
"1689",1689,12
"1690",1690,226
"1691",1691,191
"1692",1692,3
"1693",1693,270
"1694",1694,5
"1695",1695,115
"1696",1696,88
"1697",1697,4
"1698",1698,41
"1699",1699,4
"1700",1700,9
"1701",1701,92
"1702",1702,67
"1703",1703,12
"1704",1704,4
"1705",1705,15
"1706",1706,32
"1707",1707,3
"1708",1708,121
"1709",1709,28
"1710",1710,59
"1711",1711,237
"1712",1712,97
"1713",1713,26
"1714",1714,61
"1715",1715,94
"1716",1716,4
"1717",1717,17
"1718",1718,28
"1719",1719,88
"1720",1720,11
"1721",1721,11
"1722",1722,4
"1723",1723,25
"1724",1724,36
"1725",1725,59
"1726",1726,245
"1727",1727,183
"1728",1728,98
"1729",1729,78
"1730",1730,32
"1731",1731,3
"1732",1732,110
"1733",1733,97
"1734",1734,257
"1735",1735,153
"1736",1736,3
"1737",1737,65
"1738",1738,4
"1739",1739,68
"1740",1740,94
"1741",1741,29
"1742",1742,49
"1743",1743,202
"1744",1744,84
"1745",1745,18
"1746",1746,71
"1747",1747,95
"1748",1748,10
"1749",1749,4
"1750",1750,20
"1751",1751,16
"1752",1752,3
"1753",1753,252
"1754",1754,4
"1755",1755,12
"1756",1756,12
"1757",1757,111
"1758",1758,5
"1759",1759,11
"1760",1760,199
"1761",1761,15
"1762",1762,4
"1763",1763,26
"1764",1764,243
"1765",1765,69
"1766",1766,53
"1767",1767,196
"1768",1768,4
"1769",1769,241
"1770",1770,189
"1771",1771,70
"1772",1772,11
"1773",1773,246
"1774",1774,5
"1775",1775,67
"1776",1776,4
"1777",1777,3
"1778",1778,26
"1779",1779,4
"1780",1780,49
"1781",1781,16
"1782",1782,17
"1783",1783,127
"1784",1784,27
"1785",1785,8
"1786",1786,14
"1787",1787,51
"1788",1788,90
"1789",1789,4
"1790",1790,11
"1791",1791,84
"1792",1792,38
"1793",1793,11
"1794",1794,65
"1795",1795,6
"1796",1796,27
"1797",1797,3
"1798",1798,3
"1799",1799,78
"1800",1800,252
"1801",1801,4
"1802",1802,154
"1803",1803,237
"1804",1804,118
"1805",1805,199
"1806",1806,5
"1807",1807,173
"1808",1808,132
"1809",1809,3
"1810",1810,95
"1811",1811,9
"1812",1812,199
"1813",1813,24
"1814",1814,59
"1815",1815,98
"1816",1816,16
"1817",1817,45
"1818",1818,2
"1819",1819,3
"1820",1820,58
"1821",1821,6
"1822",1822,10
"1823",1823,118
"1824",1824,26
"1825",1825,107
"1826",1826,11
"1827",1827,4
"1828",1828,33
"1829",1829,87
"1830",1830,13
"1831",1831,117
"1832",1832,4
"1833",1833,3
"1834",1834,15
"1835",1835,63
"1836",1836,3
"1837",1837,194
"1838",1838,66
"1839",1839,3
"1840",1840,103
"1841",1841,49
"1842",1842,25
"1843",1843,60
"1844",1844,16
"1845",1845,4
"1846",1846,10
"1847",1847,3
"1848",1848,4
"1849",1849,21
"1850",1850,4
"1851",1851,3
"1852",1852,56
"1853",1853,157
"1854",1854,106
"1855",1855,3
"1856",1856,4
"1857",1857,5
"1858",1858,265
"1859",1859,4
"1860",1860,4
"1861",1861,63
"1862",1862,39
"1863",1863,4
"1864",1864,154
"1865",1865,69
"1866",1866,210
"1867",1867,25
"1868",1868,85
"1869",1869,121
"1870",1870,32
"1871",1871,3
"1872",1872,4
"1873",1873,3
"1874",1874,63
"1875",1875,204
"1876",1876,4
"1877",1877,14
"1878",1878,60
"1879",1879,227
"1880",1880,49
"1881",1881,194
"1882",1882,198
"1883",1883,99
"1884",1884,203
"1885",1885,68
"1886",1886,3
"1887",1887,4
"1888",1888,12
"1889",1889,188
"1890",1890,188
"1891",1891,2
"1892",1892,99
"1893",1893,10
"1894",1894,4
"1895",1895,4
"1896",1896,27
"1897",1897,4
"1898",1898,31
"1899",1899,191
"1900",1900,15
"1901",1901,8
"1902",1902,63
"1903",1903,134
"1904",1904,240
"1905",1905,60
"1906",1906,3
"1907",1907,2
"1908",1908,91
"1909",1909,63
"1910",1910,102
"1911",1911,4
"1912",1912,10
"1913",1913,99
"1914",1914,50
"1915",1915,183
"1916",1916,188
"1917",1917,3
"1918",1918,8
"1919",1919,14
"1920",1920,151
"1921",1921,12
"1922",1922,15
"1923",1923,3
"1924",1924,4
"1925",1925,116
"1926",1926,105
"1927",1927,67
"1928",1928,55
"1929",1929,75
"1930",1930,158
"1931",1931,3
"1932",1932,31
"1933",1933,119
"1934",1934,62
"1935",1935,245
"1936",1936,70
"1937",1937,263
"1938",1938,224
"1939",1939,218
"1940",1940,3
"1941",1941,82
"1942",1942,8
"1943",1943,3
"1944",1944,204
"1945",1945,128
"1946",1946,10
"1947",1947,5
"1948",1948,34
"1949",1949,5
"1950",1950,219
"1951",1951,265
"1952",1952,8
"1953",1953,255
"1954",1954,10
"1955",1955,69
"1956",1956,11
"1957",1957,70
"1958",1958,65
"1959",1959,4
"1960",1960,91
"1961",1961,10
"1962",1962,4
"1963",1963,10
"1964",1964,237
"1965",1965,65
"1966",1966,4
"1967",1967,12
"1968",1968,142
"1969",1969,26
"1970",1970,4
"1971",1971,3
"1972",1972,115
"1973",1973,61
"1974",1974,10
"1975",1975,142
"1976",1976,10
"1977",1977,4
"1978",1978,191
"1979",1979,3
"1980",1980,121
"1981",1981,251
"1982",1982,92
"1983",1983,199
"1984",1984,187
"1985",1985,186
"1986",1986,35
"1987",1987,80
"1988",1988,8
"1989",1989,11
"1990",1990,9
"1991",1991,10
"1992",1992,10
"1993",1993,15
"1994",1994,31
"1995",1995,104
"1996",1996,51
"1997",1997,100
"1998",1998,115
"1999",1999,4
"2000",2000,3
"2001",2001,4
"2002",2002,94
"2003",2003,12
"2004",2004,9
"2005",2005,116
"2006",2006,110
"2007",2007,4
"2008",2008,154
"2009",2009,243
"2010",2010,94
"2011",2011,6
"2012",2012,63
"2013",2013,4
"2014",2014,25
"2015",2015,17
"2016",2016,3
"2017",2017,242
"2018",2018,10
"2019",2019,245
"2020",2020,3
"2021",2021,102
"2022",2022,32
"2023",2023,176
"2024",2024,194
"2025",2025,3
"2026",2026,18
"2027",2027,64
"2028",2028,60
"2029",2029,4
"2030",2030,105
"2031",2031,15
"2032",2032,196
"2033",2033,3
"2034",2034,4
"2035",2035,12
"2036",2036,235
"2037",2037,241
"2038",2038,37
"2039",2039,3
"2040",2040,136
"2041",2041,3
"2042",2042,9
"2043",2043,31
"2044",2044,78
"2045",2045,176
"2046",2046,57
"2047",2047,3
"2048",2048,47
"2049",2049,236
"2050",2050,15
"2051",2051,13
"2052",2052,16
"2053",2053,65
"2054",2054,92
"2055",2055,3
"2056",2056,3
"2057",2057,9
"2058",2058,34
"2059",2059,77
"2060",2060,3
"2061",2061,10
"2062",2062,15
"2063",2063,32
"2064",2064,75
"2065",2065,6
"2066",2066,3
"2067",2067,121
"2068",2068,153
"2069",2069,226
"2070",2070,67
"2071",2071,218
"2072",2072,92
"2073",2073,28
"2074",2074,221
"2075",2075,75
"2076",2076,69
"2077",2077,77
"2078",2078,45
"2079",2079,14
"2080",2080,4
"2081",2081,6
"2082",2082,3
"2083",2083,227
"2084",2084,110
"2085",2085,10
"2086",2086,112
"2087",2087,132
"2088",2088,122
"2089",2089,3
"2090",2090,32
"2091",2091,3
"2092",2092,30
"2093",2093,38
"2094",2094,191
"2095",2095,12
"2096",2096,9
"2097",2097,102
"2098",2098,3
"2099",2099,227
"2100",2100,27
"2101",2101,67
"2102",2102,194
"2103",2103,26
"2104",2104,4
"2105",2105,68
"2106",2106,197
"2107",2107,97
"2108",2108,4
"2109",2109,241
"2110",2110,47
"2111",2111,238
"2112",2112,21
"2113",2113,266
"2114",2114,9
"2115",2115,2
"2116",2116,7
"2117",2117,24
"2118",2118,8
"2119",2119,21
"2120",2120,3
"2121",2121,14
"2122",2122,4
"2123",2123,14
"2124",2124,66
"2125",2125,8
"2126",2126,241
"2127",2127,3
"2128",2128,167
"2129",2129,35
"2130",2130,3
"2131",2131,30
"2132",2132,3
"2133",2133,90
"2134",2134,18
"2135",2135,9
"2136",2136,9
"2137",2137,4
"2138",2138,31
"2139",2139,15
"2140",2140,168
"2141",2141,156
"2142",2142,158
"2143",2143,4
"2144",2144,112
"2145",2145,93
"2146",2146,59
"2147",2147,185
"2148",2148,3
"2149",2149,54
"2150",2150,146
"2151",2151,11
"2152",2152,63
"2153",2153,115
"2154",2154,10
"2155",2155,198
"2156",2156,11
"2157",2157,64
"2158",2158,4
"2159",2159,117
"2160",2160,3
"2161",2161,211
"2162",2162,14
"2163",2163,198
"2164",2164,59
"2165",2165,71
"2166",2166,13
"2167",2167,142
"2168",2168,22
"2169",2169,46
"2170",2170,3
"2171",2171,132
"2172",2172,268
"2173",2173,3
"2174",2174,4
"2175",2175,9
"2176",2176,15
"2177",2177,16
"2178",2178,10
"2179",2179,61
"2180",2180,200
"2181",2181,249
"2182",2182,3
"2183",2183,197
"2184",2184,50
"2185",2185,40
"2186",2186,3
"2187",2187,151
"2188",2188,58
"2189",2189,124
"2190",2190,118
"2191",2191,101
"2192",2192,4
"2193",2193,88
"2194",2194,63
"2195",2195,26
"2196",2196,9
"2197",2197,4
"2198",2198,38
"2199",2199,69
"2200",2200,32
"2201",2201,183
"2202",2202,239
"2203",2203,4
"2204",2204,195
"2205",2205,30
"2206",2206,29
"2207",2207,156
"2208",2208,263
"2209",2209,96
"2210",2210,45
"2211",2211,3
"2212",2212,4
"2213",2213,4
"2214",2214,10
"2215",2215,32
"2216",2216,10
"2217",2217,92
"2218",2218,21
"2219",2219,10
"2220",2220,10
"2221",2221,68
"2222",2222,3
"2223",2223,224
"2224",2224,45
"2225",2225,12
"2226",2226,168
"2227",2227,269
"2228",2228,9
"2229",2229,78
"2230",2230,4
"2231",2231,51
"2232",2232,8
"2233",2233,69
"2234",2234,235
"2235",2235,3
"2236",2236,4
"2237",2237,10
"2238",2238,137
"2239",2239,245
"2240",2240,151
"2241",2241,46
"2242",2242,252
"2243",2243,260
"2244",2244,64
"2245",2245,181
"2246",2246,3
"2247",2247,67
"2248",2248,5
"2249",2249,17
"2250",2250,86
"2251",2251,31
"2252",2252,45
"2253",2253,122
"2254",2254,261
"2255",2255,15
"2256",2256,200
"2257",2257,66
"2258",2258,67
"2259",2259,84
"2260",2260,12
"2261",2261,241
"2262",2262,4
"2263",2263,16
"2264",2264,197
"2265",2265,62
"2266",2266,16
"2267",2267,166
"2268",2268,182
"2269",2269,69
"2270",2270,11
"2271",2271,239
"2272",2272,62
"2273",2273,245
"2274",2274,48
"2275",2275,117
"2276",2276,10
"2277",2277,4
"2278",2278,17
"2279",2279,17
"2280",2280,198
"2281",2281,10
"2282",2282,123
"2283",2283,129
"2284",2284,11
"2285",2285,11
"2286",2286,94
"2287",2287,209
"2288",2288,130
"2289",2289,10
"2290",2290,3
"2291",2291,10
"2292",2292,119
"2293",2293,141
"2294",2294,231
"2295",2295,3
"2296",2296,4
"2297",2297,3
"2298",2298,3
"2299",2299,27
"2300",2300,246
"2301",2301,88
"2302",2302,98
"2303",2303,3
"2304",2304,104
"2305",2305,66
"2306",2306,73
"2307",2307,4
"2308",2308,268
"2309",2309,97
"2310",2310,191
"2311",2311,62
"2312",2312,70
"2313",2313,93
"2314",2314,43
"2315",2315,12
"2316",2316,4
"2317",2317,3
"2318",2318,244
"2319",2319,8
"2320",2320,210
"2321",2321,65
"2322",2322,10
"2323",2323,58
"2324",2324,4
"2325",2325,198
"2326",2326,70
"2327",2327,117
"2328",2328,146
"2329",2329,104
"2330",2330,135
"2331",2331,87
"2332",2332,3
"2333",2333,109
"2334",2334,3
"2335",2335,63
"2336",2336,11
"2337",2337,226
"2338",2338,8
"2339",2339,4
"2340",2340,68
"2341",2341,92
"2342",2342,20
"2343",2343,5
"2344",2344,19
"2345",2345,264
"2346",2346,11
"2347",2347,97
"2348",2348,11
"2349",2349,4
"2350",2350,41
"2351",2351,9
"2352",2352,38
"2353",2353,210
"2354",2354,236
"2355",2355,104
"2356",2356,92
"2357",2357,20
"2358",2358,3
"2359",2359,62
"2360",2360,9
"2361",2361,78
"2362",2362,10
"2363",2363,176
"2364",2364,66
"2365",2365,57
"2366",2366,161
"2367",2367,69
"2368",2368,46
"2369",2369,236
"2370",2370,152
"2371",2371,54
"2372",2372,30
"2373",2373,191
"2374",2374,4
"2375",2375,4
"2376",2376,266
"2377",2377,254
"2378",2378,125
"2379",2379,68
"2380",2380,143
"2381",2381,80
"2382",2382,230
"2383",2383,4
"2384",2384,87
"2385",2385,13
"2386",2386,94
"2387",2387,9
"2388",2388,4
"2389",2389,57
"2390",2390,63
"2391",2391,4
"2392",2392,55
"2393",2393,121
"2394",2394,2
"2395",2395,54
"2396",2396,57
"2397",2397,4
"2398",2398,3
"2399",2399,41
"2400",2400,67
"2401",2401,228
"2402",2402,168
"2403",2403,241
"2404",2404,115
"2405",2405,2
"2406",2406,66
"2407",2407,119
"2408",2408,247
"2409",2409,87
"2410",2410,12
"2411",2411,59
"2412",2412,5
"2413",2413,129
"2414",2414,13
"2415",2415,9
"2416",2416,134
"2417",2417,65
"2418",2418,112
"2419",2419,69
"2420",2420,197
"2421",2421,142
"2422",2422,121
"2423",2423,32
"2424",2424,79
"2425",2425,261
"2426",2426,236
"2427",2427,5
"2428",2428,151
"2429",2429,60
"2430",2430,7
"2431",2431,11
"2432",2432,71
"2433",2433,50
"2434",2434,3
"2435",2435,144
"2436",2436,211
"2437",2437,63
"2438",2438,237
"2439",2439,3
"2440",2440,96
"2441",2441,15
"2442",2442,224
"2443",2443,201
"2444",2444,34
"2445",2445,63
"2446",2446,11
"2447",2447,8
"2448",2448,63
"2449",2449,27
"2450",2450,241
"2451",2451,23
"2452",2452,49
"2453",2453,54
"2454",2454,9
"2455",2455,2
"2456",2456,10
"2457",2457,70
"2458",2458,187
"2459",2459,69
"2460",2460,3
"2461",2461,9
"2462",2462,135
"2463",2463,126
"2464",2464,10
"2465",2465,154
"2466",2466,35
"2467",2467,258
"2468",2468,259
"2469",2469,96
"2470",2470,5
"2471",2471,235
"2472",2472,124
"2473",2473,118
"2474",2474,4
"2475",2475,250
"2476",2476,89
"2477",2477,66
"2478",2478,91
"2479",2479,67
"2480",2480,215
"2481",2481,125
"2482",2482,246
"2483",2483,157
"2484",2484,194
"2485",2485,200
"2486",2486,3
"2487",2487,10
"2488",2488,200
"2489",2489,120
"2490",2490,3
"2491",2491,70
"2492",2492,3
"2493",2493,173
"2494",2494,4
"2495",2495,4
"2496",2496,91
"2497",2497,63
"2498",2498,66
"2499",2499,247
"2500",2500,32
"2501",2501,4
"2502",2502,5
"2503",2503,4
"2504",2504,49
"2505",2505,52
"2506",2506,61
"2507",2507,141
"2508",2508,4
"2509",2509,5
"2510",2510,57
"2511",2511,197
"2512",2512,128
"2513",2513,171
"2514",2514,4
"2515",2515,68
"2516",2516,12
"2517",2517,34
"2518",2518,60
"2519",2519,62
"2520",2520,4
"2521",2521,15
"2522",2522,3
"2523",2523,60
"2524",2524,9
"2525",2525,57
"2526",2526,67
"2527",2527,36
"2528",2528,183
"2529",2529,67
"2530",2530,58
"2531",2531,58
"2532",2532,12
"2533",2533,11
"2534",2534,237
"2535",2535,64
"2536",2536,3
"2537",2537,63
"2538",2538,33
"2539",2539,47
"2540",2540,57
"2541",2541,60
"2542",2542,66
"2543",2543,4
"2544",2544,64
"2545",2545,143
"2546",2546,3
"2547",2547,59
"2548",2548,15
"2549",2549,194
"2550",2550,9
"2551",2551,4
"2552",2552,57
"2553",2553,215
"2554",2554,68
"2555",2555,60
"2556",2556,249
"2557",2557,15
"2558",2558,101
"2559",2559,11
"2560",2560,246
"2561",2561,59
"2562",2562,31
"2563",2563,120
"2564",2564,63
"2565",2565,60
"2566",2566,59
"2567",2567,9
"2568",2568,97
"2569",2569,142
"2570",2570,57
"2571",2571,31
"2572",2572,88
"2573",2573,265
"2574",2574,67
"2575",2575,100
"2576",2576,4
"2577",2577,231
"2578",2578,96
"2579",2579,4
"2580",2580,127
"2581",2581,3
"2582",2582,3
"2583",2583,88
"2584",2584,96
"2585",2585,87
"2586",2586,4
"2587",2587,8
"2588",2588,2
"2589",2589,104
"2590",2590,127
"2591",2591,97
"2592",2592,239
"2593",2593,23
"2594",2594,94
"2595",2595,10
"2596",2596,87
"2597",2597,87
"2598",2598,18
"2599",2599,217
"2600",2600,91
"2601",2601,15
"2602",2602,3
"2603",2603,95
"2604",2604,66
"2605",2605,34
"2606",2606,198
"2607",2607,8
"2608",2608,111
"2609",2609,148
"2610",2610,9
"2611",2611,264
"2612",2612,87
"2613",2613,2
"2614",2614,9
"2615",2615,178
"2616",2616,11
"2617",2617,88
"2618",2618,3
"2619",2619,4
"2620",2620,3
"2621",2621,12
"2622",2622,107
"2623",2623,3
"2624",2624,89
"2625",2625,124
"2626",2626,3
"2627",2627,3
"2628",2628,87
"2629",2629,173
"2630",2630,90
"2631",2631,4
"2632",2632,99
"2633",2633,74
"2634",2634,107
"2635",2635,218
"2636",2636,212
"2637",2637,152
"2638",2638,43
"2639",2639,8
"2640",2640,198
"2641",2641,202
"2642",2642,45
"2643",2643,20
"2644",2644,19
"2645",2645,148
"2646",2646,3
"2647",2647,3
"2648",2648,196
"2649",2649,63
"2650",2650,11
"2651",2651,10
"2652",2652,3
"2653",2653,191
"2654",2654,2
"2655",2655,3
"2656",2656,1
"2657",2657,208
"2658",2658,198
"2659",2659,191
"2660",2660,216
"2661",2661,9
"2662",2662,3
"2663",2663,38
"2664",2664,9
"2665",2665,9
"2666",2666,3
"2667",2667,30
"2668",2668,4
"2669",2669,3
"2670",2670,11
"2671",2671,100
"2672",2672,3
"2673",2673,231
"2674",2674,4
"2675",2675,3
"2676",2676,196
"2677",2677,14
"2678",2678,10
"2679",2679,218
"2680",2680,31
"2681",2681,3
"2682",2682,14
"2683",2683,3
"2684",2684,3
"2685",2685,24
"2686",2686,8
"2687",2687,15
"2688",2688,191
"2689",2689,203
"2690",2690,153
"2691",2691,15
"2692",2692,197
"2693",2693,3
"2694",2694,198
"2695",2695,2
"2696",2696,3
"2697",2697,4
"2698",2698,105
"2699",2699,3
"2700",2700,194
"2701",2701,200
"2702",2702,5
"2703",2703,4
"2704",2704,87
"2705",2705,196
"2706",2706,3
"2707",2707,25
"2708",2708,13
"2709",2709,3
"2710",2710,104
"2711",2711,8
"2712",2712,4
"2713",2713,4
"2714",2714,5
"2715",2715,10
"2716",2716,200
"2717",2717,4
"2718",2718,195
"2719",2719,3
"2720",2720,4
"2721",2721,19
"2722",2722,9
"2723",2723,3
"2724",2724,211
"2725",2725,4
"2726",2726,12
"2727",2727,10
"2728",2728,194
"2729",2729,200
"2730",2730,8
"2731",2731,4
"2732",2732,3
"2733",2733,11
"2734",2734,201
"2735",2735,111
"2736",2736,221
"2737",2737,3
"2738",2738,9
"2739",2739,25
"2740",2740,14
"2741",2741,10
"2742",2742,9
"2743",2743,228
"2744",2744,191
